Geo Point;Geo Shape;codeunique;nom_long;nom_so_gar;nom_su_gar;id_ref_ZdC;nom_ZdC;id_ref_ZdA;nom_ZdA;idrefliga;idrefligc;res_com;mode_;train;rer;metro;tramway;val;tertrain;terrer;termetro;tertram;terval;exploitant;idf;principal;x;y
48.858046054441715, 2.27415462837367;"{""coordinates"": [2.27415462837367, 48.858046054441715], ""type"": ""Point""}";109039;La Muette;;;71229;La Muette;45453;Boulainvilliers;A01542;C01379;METRO 9;METRO;0;0;1;0;0;0;0;0;0;0;RATP;1;0;646744.2366;6862245.8557
48.86251523404101, 2.3457858600391797;"{""coordinates"": [2.34578586003918, 48.86251523404101], ""type"": ""Point""}";104051;Les Halles;;;474151;Les Halles;45102;Châtelet les Halles;A01537;C01374;METRO 4;METRO;0;0;1;0;0;0;0;0;0;0;RATP;1;0;652003.8587;6862696.8633
48.844456393634566, 2.440439978057246;"{""coordinates"": [2.440439978057246, 48.844456393634566], ""type"": ""Point""}";101033;Château de Vincennes;;;71634;Château de Vincennes;42582;Château de Vincennes;A01534;C01371;METRO 1;METRO;0;0;1;0;0;0;0;1;0;0;RATP;1;0;658933.7619;6860635.4943
48.84547070664901, 2.429205166347999;"{""coordinates"": [2.429205166347999, 48.84547070664901], ""type"": ""Point""}";101035;Bérault;;;71650;Bérault;42318;Bérault;A01534;C01371;METRO 1;METRO;0;0;1;0;0;0;0;0;0;0;RATP;1;0;658110.066;6860754.1783
48.877610186483444, 2.3708113953127445;"{""coordinates"": [2.370811395312745, 48.877610186483444], ""type"": ""Point""}";102049;Colonel Fabien;;;71893;Colonel Fabien;42732;Colonel Fabien;A01535;C01372;METRO 2;METRO;0;0;1;0;0;0;0;0;0;0;RATP;1;0;653853.1813;6864360.3934
48.86525378511986, 2.3745819699964117;"{""coordinates"": [2.374581969996412, 48.86525378511986], ""type"": ""Point""}";103043;Parmentier;;;71801;Parmentier;58725;Parmentier;A01536;C01373;METRO 3;METRO;0;0;1;0;0;0;0;0;0;0;RATP;1;0;654118.8397;6862984.2509
48.86865415090181, 2.341376051143573;"{""coordinates"": [2.341376051143573, 48.86865415090181], ""type"": ""Point""}";103055;Bourse;;;73635;Bourse;45101;Bourse;A01536;C01373;METRO 3;METRO;0;0;1;0;0;0;0;0;0;0;RATP;1;0;651686.0361;6863382.1515
48.854936379230175, 2.347321318407715;"{""coordinates"": [2.347321318407715, 48.854936379230175], ""type"": ""Point""}";104055;Cité;;;71223;Cité;42639;Cité;A01537;C01374;METRO 4;METRO;0;0;1;0;0;0;0;0;0;0;RATP;1;0;652109.5387;6861853.2274
48.852118352913315, 2.340170395543538;"{""coordinates"": [2.340170395543538, 48.852118352913315], ""type"": ""Point""}";104059;Odéon;;;73618;Odéon;58716;Odéon;A01537 / A01543;C01374 / C01380;METRO 4 / METRO 10;METRO;0;0;1;0;0;0;0;0;0;0;RATP;1;0;651582.2317;6861544.2495
48.853718933065686, 2.3337761382184663;"{""coordinates"": [2.333776138218466, 48.853718933065686], ""type"": ""Point""}";104061;Saint-Germain-des-Prés;;;71216;Saint-Germain-des-Prés;44799;Saint-Germain-des-Prés;A01537;C01374;METRO 4;METRO;0;0;1;0;0;0;0;0;0;0;RATP;1;0;651114.5389;6861726.1589
48.84687823701759, 2.3267927850392973;"{""coordinates"": [2.326792785039297, 48.84687823701759], ""type"": ""Point""}";104065;Saint-Placide;;;71184;Saint-Placide;44885;Saint-Placide;A01537;C01374;METRO 4;METRO;0;0;1;0;0;0;0;0;0;0;RATP;1;0;650595.6493;6860969.8856
48.870396388290395, 2.3614002104327767;"{""coordinates"": [2.361400210432777, 48.870396388290395], ""type"": ""Point""}";105061;Jacques Bonsergent;;;71322;Jacques Bonsergent;43417;Jacques Bonsergent;A01538;C01375;METRO 5;METRO;0;0;1;0;0;0;0;0;0;0;RATP;1;0;653156.4609;6863563.8098
48.86394012976092, 2.2784416488331485;"{""coordinates"": [2.278441648833148, 48.86394012976092], ""type"": ""Point""}";109041;Rue de la Pompe;Avenue Georges Mandel;;71292;Rue de la Pompe;44461;Rue de la Pompe;A01542;C01379;METRO 9;METRO;0;0;1;0;0;0;0;0;0;0;RATP;1;0;647064.7583;6862898.3399
48.86307378129078, 2.2871668755025016;"{""coordinates"": [2.287166875502502, 48.86307378129078], ""type"": ""Point""}";109043;Trocadéro;;;71285;Trocadéro;44962;Trocadéro;A01539 / A01542;C01376 / C01379;METRO 6 / METRO 9;METRO;0;0;1;0;0;0;0;0;0;0;RATP;1;0;647703.9746;6862796.1957
48.8647940639577, 2.294162014031211;"{""coordinates"": [2.294162014031211, 48.8647940639577], ""type"": ""Point""}";109045;Iéna;;;71294;Iéna;43395;Iéna;A01542;C01379;METRO 9;METRO;0;0;1;0;0;0;0;0;0;0;RATP;1;0;648218.8595;6862982.8661
48.864766844037305, 2.300991003495584;"{""coordinates"": [2.300991003495584, 48.864766844037305], ""type"": ""Point""}";109047;Alma - Marceau;;;71290;Alma - Marceau;42182;Alma - Marceau;A01542;C01379;METRO 9;METRO;0;0;1;0;0;0;0;0;0;0;RATP;1;0;648719.8026;6862975.3829
48.87204586088575, 2.3100189310569244;"{""coordinates"": [2.310018931056924, 48.87204586088575], ""type"": ""Point""}";109051;Saint-Philippe du Roule;;;71334;Saint-Philippe du Roule;44884;Saint-Philippe du Roule;A01542;C01379;METRO 9;METRO;0;0;1;0;0;0;0;0;0;0;RATP;1;0;649389.1585;6863778.9259
48.864996508384245, 2.3679579104386255;"{""coordinates"": [2.367957910438625, 48.864996508384245], ""type"": ""Point""}";109071;Oberkampf;;;71803;Oberkampf;45193;Oberkampf;A01538 / A01542;C01375 / C01379;METRO 5 / METRO 9;METRO;0;0;1;0;0;0;0;0;0;0;RATP;1;0;653632.6748;6862959.513
48.85216836871572, 2.3896255399759543;"{""coordinates"": [2.389625539975954, 48.85216836871572], ""type"": ""Point""}";109079;Rue des Boulets;;;71694;Rue des Boulets;425987;Rue des Boulets;A01542;C01379;METRO 9;METRO;0;0;1;0;0;0;0;0;0;0;RATP;1;0;655211.1784;6861520.6226
48.84200534636367, 2.238887328515536;"{""coordinates"": [2.238887328515536, 48.84200534636367], ""type"": ""Point""}";110025;Boulogne - Jean Jaurès;;;71147;Boulogne Jean Jaurès;42380;Boulogne Jean Jaurès;A01543;C01380;METRO 10;METRO;0;0;1;0;0;0;0;0;0;0;RATP;1;0;644139.5373;6860486.666
48.847066132217904, 2.30740224061964;"{""coordinates"": [2.30740224061964, 48.847066132217904], ""type"": ""Point""}";110049;Ségur;;;71157;Ségur;51612;Ségur;A01543;C01380;METRO 10;METRO;0;0;1;0;0;0;0;0;0;0;RATP;1;0;649172.8635;6861003.0844
48.875111815108404, 2.3894150293193652;"{""coordinates"": [2.389415029319365, 48.875111815108404], ""type"": ""Point""}";111041;Jourdain;;;71868;Jourdain;43483;Jourdain;A01544;C01381;METRO 11;METRO;0;0;1;0;0;0;0;0;0;0;RATP;1;0;655215.4589;6864071.8788
48.87388185322374, 2.385316215101792;"{""coordinates"": [2.385316215101792, 48.87388185322374], ""type"": ""Point""}";111043;Pyrénées;;;71864;Pyrenées;44580;Pyrénées;A01544;C01381;METRO 11;METRO;0;0;1;0;0;0;0;0;0;0;RATP;1;0;654913.7648;6863937.4476
48.86120498938855, 2.353495740128162;"{""coordinates"": [2.353495740128162, 48.86120498938855], ""type"": ""Point""}";111053;Rambuteau;Centre Georges Pompidou;;71273;Rambuteau;44593;Rambuteau;A01544;C01381;METRO 11;METRO;0;0;1;0;0;0;0;0;0;0;RATP;1;0;652568.2852;6862546.5161
48.83951658445995, 2.301107514879988;"{""coordinates"": [2.301107514879988, 48.83951658445995], ""type"": ""Point""}";112039;Vaugirard;Adolphe Chériou;;71091;Vaugirard;44995;Vaugirard;A01545;C01382;METRO 12;METRO;0;0;1;0;0;0;0;0;0;0;RATP;1;0;648703.4994;6860167.7255
48.84447014036132, 2.317852783041331;"{""coordinates"": [2.317852783041331, 48.84447014036132], ""type"": ""Point""}";112045;Falguière;;;73641;Falguière;42981;Falguière;A01545;C01382;METRO 12;METRO;0;0;1;0;0;0;0;0;0;0;RATP;1;0;649937.2765;6860707.7605
48.84845784760725, 2.327782127147534;"{""coordinates"": [2.327782127147534, 48.84845784760725], ""type"": ""Point""}";112051;Rennes;;;73640;Rennes;44609;Rennes;A01545;C01382;METRO 12;METRO;0;0;1;0;0;0;0;0;0;0;RATP;1;0;650669.7472;6861144.9041
48.85849912278188, 2.3231676112467445;"{""coordinates"": [2.323167611246745, 48.85849912278188], ""type"": ""Point""}";112057;Solférino;Musée d'Orsay;;71270;Solférino;44840;Solférino;A01545;C01382;METRO 12;METRO;0;0;1;0;0;0;0;0;0;0;RATP;1;0;650340.6927;6862264.2924
48.87817339012215, 2.337857510381017;"{""coordinates"": [2.337857510381017, 48.87817339012215], ""type"": ""Point""}";112071;Saint-Georges;;;71366;Saint-Georges;44867;Saint-Georges;A01545;C01382;METRO 12;METRO;0;0;1;0;0;0;0;0;0;0;RATP;1;0;651436.8124;6864442.7809
48.89241892201138, 2.344764611738356;"{""coordinates"": [2.344764611738356, 48.89241892201138], ""type"": ""Point""}";112079;Jules Joffrin;;;71521;Jules Joffrin;479055;Jules Joffrin;A01545;C01382;METRO 12;METRO;0;0;1;0;0;0;0;0;0;0;RATP;1;0;651956.5294;6866022.5738
48.91638230898788, 2.2946851117025537;"{""coordinates"": [2.294685111702554, 48.91638230898788], ""type"": ""Point""}";113075;Gabriel Péri;;Asnières-Gennevilliers;72203;Gabriel Péri;43042;Gabriel Péri;A01546;C01383;METRO 13;METRO;0;0;1;0;0;0;0;0;0;0;RATP;1;0;648308.4732;6868718.8268
48.85144170830438, 2.314408121448823;"{""coordinates"": [2.314408121448823, 48.85144170830438], ""type"": ""Point""}";114051;Saint-François-Xavier;;;71204;Saint-François Xavier;45139;Saint-François Xavier;A01546;C01383;METRO 13;METRO;0;0;1;0;0;0;0;0;0;0;RATP;1;0;649691.21;6861485.1183
48.87368520970193, 2.3144679895687355;"{""coordinates"": [2.314467989568735, 48.87368520970193], ""type"": ""Point""}";114059;Miromesnil;;;71346;Miromesnil;43511;Miromesnil;A01542 / A01546;C01379 / C01383;METRO 9 / METRO 13;METRO;0;0;1;0;0;0;0;0;0;0;RATP;1;0;649717.076;6863958.3667
48.879634759722414, 2.327022200889502;"{""coordinates"": [2.327022200889502, 48.879634759722414], ""type"": ""Point""}";114063;Liège;;;71382;Liège;43814;Liège;A01546;C01383;METRO 13;METRO;0;0;1;0;0;0;0;0;0;0;RATP;1;0;650643.5277;6864611.9937
48.87210144119713, 2.404514942379104;"{""coordinates"": [2.404514942379104, 48.87210144119713], ""type"": ""Point""}";116033;Saint-Fargeau;;;71860;Saint-Fargeau;44864;Saint-Fargeau;A01549;C01386;METRO 3bis;METRO;0;0;1;0;0;0;0;0;0;0;RATP;1;0;656320.4457;6863728.6864
48.881816107252455, 2.3940123983593633;"{""coordinates"": [2.394012398359363, 48.881816107252455], ""type"": ""Point""}";117031;Danube;;;71930;Danube;42822;Danube;A01550;C01387;METRO 7bis;METRO;0;0;1;0;0;0;0;0;0;0;RATP;1;0;655558.3764;6864814.7578
48.87851411309647, 2.381614513292405;"{""coordinates"": [2.381614513292405, 48.87851411309647], ""type"": ""Point""}";117035;Buttes-Chaumont;;;71900;Buttes Chaumont;45609;Buttes Chaumont;A01550;C01387;METRO 7bis;METRO;0;0;1;0;0;0;0;0;0;0;RATP;1;0;654646.2893;6864454.6451
48.83704511922334, 2.3728257245425715;"{""coordinates"": [2.372825724542571, 48.83704511922334], ""type"": ""Point""}";106043;Quai de la Gare;;;71597;Quai de la Gare;44582;Quai de la Gare;A01539;C01376;METRO 6;METRO;0;0;1;0;0;0;0;0;0;0;RATP;1;0;653965.0897;6859848.7241
48.831129547092026, 2.3435116577497754;"{""coordinates"": [2.343511657749775, 48.831129547092026], ""type"": ""Point""}";106053;Glacière;;;71026;Glacière;45276;Glacière;A01539;C01376;METRO 6;METRO;0;0;1;0;0;0;0;0;0;0;RATP;1;0;651808.0022;6859208.4674
48.84750708105434, 2.3029682964547975;"{""coordinates"": [2.302968296454798, 48.84750708105434], ""type"": ""Point""}";106069;Cambronne;;;71167;Cambronne;42419;Cambronne;A01539;C01376;METRO 6;METRO;0;0;1;0;0;0;0;0;0;0;RATP;1;0;648847.9143;6861054.9766
48.84479476367654, 2.293951963636534;"{""coordinates"": [2.293951963636534, 48.84479476367654], ""type"": ""Point""}";108027;Commerce;;;71132;Commerce;42734;Commerce;A01541;C01378;METRO 8;METRO;0;0;1;0;0;0;0;0;0;0;RATP;1;0;648183.5662;6860759.2739
48.83362878011957, 2.2435786287393293;"{""coordinates"": [2.243578628739329, 48.83362878011957], ""type"": ""Point""}";109025;Marcel Sembat;;;71054;Marcel Sembat;47021;Marcel Sembat;A01542;C01379;METRO 9;METRO;0;0;1;0;0;0;0;0;0;0;RATP;1;0;644474.9137;6859551.9835
48.84030209244252, 2.379121776442214;"{""coordinates"": [2.379121776442214, 48.84030209244252], ""type"": ""Point""}";106041;Bercy;;;71607;Gare de Bercy;58728;Bercy;A01539 / A01547;C01376 / C01384;METRO 6 / METRO 14;METRO;0;0;1;0;0;0;0;0;0;0;RATP;1;0;654430.0611;6860207.2141
48.87797270049314, 2.298310375124942;"{""coordinates"": [2.298310375124942, 48.87797270049314], ""type"": ""Point""}";102075;Ternes;;;71367;Ternes;44931;Ternes;A01535;C01372;METRO 2;METRO;0;0;1;0;0;0;0;0;0;0;RATP;1;0;648536.2024;6864445.5141
48.89545467212494, 2.425326891530144;"{""coordinates"": [2.425326891530144, 48.89545467212494], ""type"": ""Point""}";105041;Bobigny-Pantin - Raymond Queneau;;;72039;Bobigny - Pantin - Raymond Queneau;42344;Bobigny-Pantin - Raymond Queneau;A01538;C01375;METRO 5;METRO;0;0;1;0;0;0;0;0;0;0;RATP;1;0;657865.8991;6866314.133
48.86078696169296, 2.320998191965805;"{""coordinates"": [2.320998191965805, 48.86078696169296], ""type"": ""Point""}";112059;Assemblée Nationale;;;73642;Assemblée Nationale / Lille - Université;45704;Assemblée Nationale;A01545;C01382;METRO 12;METRO;0;0;1;0;0;0;0;0;0;0;RATP;1;0;650183.7135;6862520.0465
48.82218265762191, 2.3585513482022034;"{""coordinates"": [2.358551348202203, 48.82218265762191], ""type"": ""Point""}";107081;Maison Blanche;;;70645;Maison Blanche;44057;Maison Blanche;A01540;C01377;METRO 7;METRO;0;0;1;0;0;0;0;0;0;0;RATP;1;0;652903.9414;6858204.6036
48.80468811997663, 2.363953196602165;"{""coordinates"": [2.363953196602165, 48.80468811997663], ""type"": ""Point""}";107097;Villejuif - Léo Lagrange;;;70375;Villejuif Léo Lagrange;47826;Villejuif Léo Lagrange;A01540;C01377;METRO 7;METRO;0;0;1;0;0;0;0;0;0;0;RATP;1;0;653284.8753;6856256.2281
48.80914436000136, 2.4345098959336915;"{""coordinates"": [2.434509895933691, 48.80914436000136], ""type"": ""Point""}";108083;Maisons-Alfort-Stade;;;70426;Maisons-Alfort - Stade;44066;Maisons-Alfort - Stade;A01541;C01378;METRO 8;METRO;0;0;1;0;0;0;0;0;0;0;RATP;1;0;658470.4404;6856712.2781
48.85787849393227, 2.380020644247982;"{""coordinates"": [2.380020644247982, 48.85787849393227], ""type"": ""Point""}";109075;Voltaire;;;71750;Voltaire;45065;Voltaire;A01542;C01379;METRO 9;METRO;0;0;1;0;0;0;0;0;0;0;RATP;1;0;654511.3779;6862161.0305
48.847971539663156, 2.257744680376011;"{""coordinates"": [2.257744680376011, 48.847971539663156], ""type"": ""Point""}";110033;Porte d'Auteuil;;;71169;Porte d'Auteuil;44504;Porte d'Auteuil;A01543;C01380;METRO 10;METRO;0;0;1;0;0;0;0;0;0;0;RATP;1;0;645529.7326;6861136.8657
48.88233342277264, 2.321801731063168;"{""coordinates"": [2.321801731063168, 48.88233342277264], ""type"": ""Point""}";102067;Rome;;;71408;Rome;44662;Rome;A01535;C01372;METRO 2;METRO;0;0;1;0;0;0;0;0;0;0;RATP;1;0;650263.243;6864915.3429
48.87932978774786, 2.3040703912187595;"{""coordinates"": [2.304070391218759, 48.87932978774786], ""type"": ""Point""}";102073;Courcelles;;;71376;Courcelles;42771;Courcelles;A01535;C01372;METRO 2;METRO;0;0;1;0;0;0;0;0;0;0;RATP;1;0;648959.9764;6864592.6739
48.88373439720279, 2.349525203221073;"{""coordinates"": [2.349525203221073, 48.88373439720279], ""type"": ""Point""}";104037;Barbès-Rochechouart;;;71426;Barbès Rochechouart;42280;Barbès Rochechouart;A01535 / A01537;C01372 / C01374;METRO 2 / METRO 4;METRO;0;0;1;0;0;0;0;0;0;0;RATP;1;0;652297.6246;6865054.0172
48.85778351365199, 2.434538451473473;"{""coordinates"": [2.434538451473473, 48.85778351365199], ""type"": ""Point""}";109091;Croix de Chavaux;Jacques Duclos;;71756;Croix de Chavaux;42789;Croix de Chavaux;A01542;C01379;METRO 9;METRO;0;0;1;0;0;0;0;0;0;0;RATP;1;0;658511.2669;6862120.4437
48.89220682681276, 2.3272198679191276;"{""coordinates"": [2.327219867919128, 48.89220682681276], ""type"": ""Point""}";114069;Guy Môquet;;;71528;Guy-Môquet;43333;Guy Môquet;A01546;C01383;METRO 13;METRO;0;0;1;0;0;0;0;0;0;0;RATP;1;0;650669.9354;6866009.8077
48.835152534806205, 2.3585662563494663;"{""coordinates"": [2.358566256349466, 48.835152534806205], ""type"": ""Point""}";105079;Campo Formio;;;71063;Campo Formio;42426;Campo Formio;A01538;C01375;METRO 5;METRO;0;0;1;0;0;0;0;0;0;0;RATP;1;0;652916.7508;6859646.6967
48.88355628923431, 2.3333796724221587;"{""coordinates"": [2.333379672422159, 48.88355628923431], ""type"": ""Point""}";102063;Blanche;;;71420;Blanche;42337;Blanche;A01535;C01372;METRO 2;METRO;0;0;1;0;0;0;0;0;0;0;RATP;1;0;651113.4575;6865044.0875
48.84735451596501, 2.386808445777995;"{""coordinates"": [2.386808445777995, 48.84735451596501], ""type"": ""Point""}";101043;Reuilly-Diderot;;;71654;Reuilly Diderot;44637;Reuilly Diderot;A01534 / A01541;C01371 / C01378;METRO 1 / METRO 8;METRO;0;0;1;0;0;0;0;0;0;0;RATP;1;0;655000.3096;6860986.9672
48.85523625186059, 2.360956488661;"{""coordinates"": [2.360956488661, 48.85523625186059], ""type"": ""Point""}";101049;Saint-Paul;Le Marais;;71222;Saint-Paul (Le Marais);44881;Saint-Paul (Le Marais);A01534;C01371;METRO 1;METRO;0;0;1;0;0;0;0;0;0;0;RATP;1;0;653110.2705;6861878.3873
48.86080629033762, 2.341108591634066;"{""coordinates"": [2.341108591634066, 48.86080629033762], ""type"": ""Point""}";101055;Louvre-Rivoli;;;73630;Louvre Rivoli;44645;Louvre Rivoli;A01534;C01371;METRO 1;METRO;0;0;1;0;0;0;0;0;0;0;RATP;1;0;651659.1352;6862509.6962
48.881016496556725, 2.272238940611056;"{""coordinates"": [2.272238940611056, 48.881016496556725], ""type"": ""Point""}";101075;Les Sablons;Jardin d’Acclimatation;;425779;Les Sablons;43785;Les Sablons;A01534;C01371;METRO 1;METRO;0;0;1;0;0;0;0;0;0;0;RATP;1;0;646627.2261;6864801.2694
48.86909116199056, 2.380542585989342;"{""coordinates"": [2.380542585989342, 48.86909116199056], ""type"": ""Point""}";102045;Couronnes;;;71834;Couronnes;42772;Couronnes;A01535;C01372;METRO 2;METRO;0;0;1;0;0;0;0;0;0;0;RATP;1;0;654559.4536;6863407.4921
48.86558647666525, 2.356736756806097;"{""coordinates"": [2.356736756806097, 48.86558647666525], ""type"": ""Point""}";103049;Arts et Métiers;;;71293;Arts et Métiers;42230;Arts et Métiers;A01544;C01381;METRO 11;METRO;0;0;1;0;0;0;0;0;0;0;RATP;1;0;652810.0307;6863031.7605
48.86623513206595, 2.352549304398544;"{""coordinates"": [2.352549304398544, 48.86623513206595], ""type"": ""Point""}";104047;Réaumur Sébastopol;;;73636;Réaumur Sébastopol;44600;Réaumur Sébastopol;A01536 / A01537;C01373 / C01374;METRO 3 / METRO 4;METRO;0;0;1;0;0;0;0;0;0;0;RATP;1;0;652503.4363;6863106.3966
48.863972477882776, 2.3496175641598396;"{""coordinates"": [2.34961756415984, 48.863972477882776], ""type"": ""Point""}";104049;Étienne Marcel;;;479068;Étienne Marcel;44970;Étienne Marcel;A01537;C01374;METRO 4;METRO;0;0;1;0;0;0;0;0;0;0;RATP;1;0;652286.2983;6862856.5748
48.88685693056751, 2.3859131742732753;"{""coordinates"": [2.385913174273275, 48.88685693056751], ""type"": ""Point""}";105049;Ourcq;;;71972;Ourcq;44227;Ourcq;A01538;C01375;METRO 5;METRO;0;0;1;0;0;0;0;0;0;0;RATP;1;0;654968.7705;6865379.8582
48.8384272951264, 2.360967166347491;"{""coordinates"": [2.360967166347491, 48.8384272951264], ""type"": ""Point""}";105077;Saint-Marcel;;;71092;Saint-Marcel;44875;Saint-Marcel;A01538;C01375;METRO 5;METRO;0;0;1;0;0;0;0;0;0;0;RATP;1;0;653095.9281;6860009.3864
48.862595535838295, 2.3366841700004515;"{""coordinates"": [2.336684170000451, 48.862595535838295], ""type"": ""Point""}";101057;Palais Royal - Musée du Louvre;;;71297;Palais Royal - Musée Du Louvre;44236;Palais Royal - Musée Du Louvre;A01534 / A01540;C01371 / C01377;METRO 1 / METRO 7;METRO;0;0;1;0;0;0;0;0;0;0;RATP;1;0;651336.2077;6862711.363
48.85548504857065, 2.2701091389544903;"{""coordinates"": [2.27010913895449, 48.85548504857065], ""type"": ""Point""}";109037;Ranelagh;;;71243;Ranelagh;44594;Ranelagh;A01542;C01379;METRO 9;METRO;0;0;1;0;0;0;0;0;0;0;RATP;1;0;646444.7925;6861963.8328
48.86750313947314, 2.363825283159851;"{""coordinates"": [2.363825283159851, 48.86750313947314], ""type"": ""Point""}";109069;République;;;71311;République;44617;République;A01536 / A01538 / A01541 / A01542 / A01544;C01373 / C01375 / C01378 / C01379 / C01381;METRO 3 / METRO 5 / METRO 8 / METRO 9 / METRO 11;METRO;0;0;1;0;0;0;0;0;0;0;RATP;1;0;653331.7527;6863240.6659
48.85572642769865, 2.422983216145875;"{""coordinates"": [2.422983216145875, 48.85572642769865], ""type"": ""Point""}";109089;Robespierre;;;71725;Robespierre;44650;Robespierre;A01542;C01379;METRO 9;METRO;0;0;1;0;0;0;0;0;0;0;RATP;1;0;657661.786;6861897.8455
48.84074501429234, 2.228536981504942;"{""coordinates"": [2.228536981504942, 48.84074501429234], ""type"": ""Point""}";110023;Boulogne - Pont de Saint-Cloud;Rhin et Danube;;70721;Boulogne Pont de Saint-Cloud / Rhin et Danube;42381;Boulogne Pont de Saint-Cloud - Albert Kahn;A01543;C01380;METRO 10;METRO;0;0;1;0;0;0;0;1;0;0;RATP;1;0;643378.5475;6860353.9039
48.84615112214607, 2.354917983696272;"{""coordinates"": [2.354917983696272, 48.84615112214607], ""type"": ""Point""}";110065;Jussieu;;;71148;Jussieu;43493;Jussieu;A01540 / A01543;C01377 / C01380;METRO 7 / METRO 10;METRO;0;0;1;0;0;0;0;0;0;0;RATP;1;0;652658.953;6860871.808
48.875474456657706, 2.398867599341846;"{""coordinates"": [2.398867599341846, 48.875474456657706], ""type"": ""Point""}";111037;Télégraphe;;;71870;Télégraphe;44923;Télégraphe;A01544;C01381;METRO 11;METRO;0;0;1;0;0;0;0;0;0;0;RATP;1;0;655909.0695;6864106.8826
48.87680638828542, 2.3930560933239566;"{""coordinates"": [2.393056093323957, 48.87680638828542], ""type"": ""Point""}";111039;Place des Fêtes;;;71885;Place des Fêtes;44396;Place des Fêtes;A01550 / A01544;C01387 / C01381;METRO 7bis / METRO 11;METRO;0;0;1;0;0;0;0;0;0;0;RATP;1;0;655483.9629;6864258.2457
48.84494263428234, 2.3287780255043597;"{""coordinates"": [2.32877802550436, 48.84494263428234], ""type"": ""Point""}";112049;Notre-Dame-des-Champs;;;71138;Notre-Dame-des-Champs;44211;Notre-Dame-des-Champs;A01545;C01382;METRO 12;METRO;0;0;1;0;0;0;0;0;0;0;RATP;1;0;650739.5062;6860753.4258
48.89058718566973, 2.320174755787803;"{""coordinates"": [2.320174755787803, 48.89058718566973], ""type"": ""Point""}";113069;Brochant;;;73661;Brochant;45487;Brochant;A01546;C01383;METRO 13;METRO;0;0;1;0;0;0;0;0;0;0;RATP;1;0;650151.8308;6865834.137
48.90323367785232, 2.306010915009082;"{""coordinates"": [2.306010915009082, 48.90323367785232], ""type"": ""Point""}";113073;Mairie de Clichy;;;72118;Mairie de Clichy;44012;Mairie de Clichy;A01546;C01383;METRO 13;METRO;0;0;1;0;0;0;0;0;0;0;RATP;1;0;649125.6534;6867249.3956
48.83182564865169, 2.314122323470855;"{""coordinates"": [2.314122323470855, 48.83182564865169], ""type"": ""Point""}";114041;Plaisance;;;71039;Plaisance / Vercingétorix;45322;Plaisance;A01546;C01383;METRO 13;METRO;0;0;1;0;0;0;0;0;0;0;RATP;1;0;649651.2929;6859304.204
48.83422588174329, 2.3186164144253834;"{""coordinates"": [2.318616414425383, 48.83422588174329], ""type"": ""Point""}";114043;Pernety;;;412687;Pernety;44316;Pernety;A01546;C01383;METRO 13;METRO;0;0;1;0;0;0;0;0;0;0;RATP;1;0;649983.4886;6859568.2262
48.846854853918195, 2.316634671114557;"{""coordinates"": [2.316634671114557, 48.846854853918195], ""type"": ""Point""}";114049;Duroc;;;71159;Duroc;42874;Duroc;A01543 / A01546;C01380 / C01383;METRO 10 / METRO 13;METRO;0;0;1;0;0;0;0;0;0;0;RATP;1;0;649850.1764;6860973.6892
48.868440162341024, 2.4015617127425415;"{""coordinates"": [2.401561712742541, 48.868440162341024], ""type"": ""Point""}";116035;Pelleport;;;71828;Pelleport;45630;Pelleport;A01549;C01386;METRO 3bis;METRO;0;0;1;0;0;0;0;0;0;0;RATP;1;0;656100.7414;6863323.2148
48.88066746251469, 2.374495964896929;"{""coordinates"": [2.374495964896929, 48.88066746251469], ""type"": ""Point""}";117037;Bolivar;;;71920;Bolivar;58767;Bolivar;A01550;C01387;METRO 7bis;METRO;0;0;1;0;0;0;0;0;0;0;RATP;1;0;654126.1074;6864698.1965
48.84133824639895, 2.400918536800477;"{""coordinates"": [2.400918536800477, 48.84133824639895], ""type"": ""Point""}";106035;Bel-Air;;;73650;Bel-Air;45222;Bel-Air;A01539;C01376;METRO 6;METRO;0;0;1;0;0;0;0;0;0;0;RATP;1;0;656030.6976;6860310.066
48.83321671877524, 2.362856399519012;"{""coordinates"": [2.362856399519012, 48.83321671877524], ""type"": ""Point""}";106047;Nationale;;;71043;Nationale;44192;Nationale;A01539;C01376;METRO 6;METRO;0;0;1;0;0;0;0;0;0;0;RATP;1;0;653229.9171;6859428.9054
48.85357547245371, 2.357162568881775;"{""coordinates"": [2.357162568881775, 48.85357547245371], ""type"": ""Point""}";107065;Pont Marie;Cité des Arts;;71217;Pont Marie (Cité des Arts);44487;Pont Marie (Cité des Arts);A01540;C01377;METRO 7;METRO;0;0;1;0;0;0;0;0;0;0;RATP;1;0;652830.3949;6861695.983
48.83593030194427, 2.3525422662627014;"{""coordinates"": [2.352542266262701, 48.83593030194427], ""type"": ""Point""}";107075;Les Gobelins;;;71076;Les Gobelins;43737;Les Gobelins;A01540;C01377;METRO 7;METRO;0;0;1;0;0;0;0;0;0;0;RATP;1;0;652475.29;6859736.7848
48.81593076211453, 2.377267200151935;"{""coordinates"": [2.377267200151935, 48.81593076211453], ""type"": ""Point""}";107089;Pierre et Marie Curie;;;70537;Pierre et Marie Curie;44343;Pierre et Marie Curie;A01540;C01377;METRO 7;METRO;0;0;1;0;0;0;0;0;0;0;RATP;1;0;654272.5743;6857498.469
48.84274677885832, 2.2919124133178745;"{""coordinates"": [2.291912413317875, 48.84274677885832], ""type"": ""Point""}";108025;Félix Faure;;;71137;Félix Faure;42984;Félix Faure;A01541;C01378;METRO 8;METRO;0;0;1;0;0;0;0;0;0;0;RATP;1;0;648031.8468;6860532.9003
48.87067768090979, 2.3323546392632704;"{""coordinates"": [2.33235463926327, 48.87067768090979], ""type"": ""Point""}";108041;Opéra;;;71337;Opéra;42237;Opéra;A01536 / A01540 / A01541;C01373 / C01377 / C01378;METRO 3 / METRO 7 / METRO 8;METRO;0;0;1;0;0;0;0;0;0;0;RATP;1;0;651026.1803;6863612.7102
48.78000282797376, 2.459363129076404;"{""coordinates"": [2.459363129076404, 48.78000282797376], ""type"": ""Point""}";108091;Créteil–Préfecture;Hôtel de Ville;;70021;Créteil Préfecture;42778;Créteil Préfecture;A01541;C01378;METRO 8;METRO;0;0;1;0;0;0;0;0;0;0;RATP;1;0;660273.4464;6853459.3559
48.88470820038816, 2.2605150778881162;"{""coordinates"": [2.260515077888116, 48.88470820038816], ""type"": ""Point""}";101077;Pont de Neuilly;;;71442;Pont de Neuilly;44479;Pont de Neuilly;A01534;C01371;METRO 1;METRO;0;0;1;0;0;0;0;0;0;0;RATP;1;0;645771.287;6865219.7485
48.88600615057262, 2.2935299663372546;"{""coordinates"": [2.293529966337255, 48.88600615057262], ""type"": ""Point""}";103075;Porte de Champerret;;;71450;Porte de Champerret;44511;Porte de Champerret;A01536;C01373;METRO 3;METRO;0;0;1;0;0;0;0;0;0;0;RATP;1;0;648193.5959;6865341.9047
48.90609404931435, 2.331830837962409;"{""coordinates"": [2.331830837962409, 48.90609404931435], ""type"": ""Point""}";114073;Garibaldi;;;72128;Garibaldi;43252;Garibaldi;A01546;C01383;METRO 13;METRO;0;0;1;0;0;0;0;0;0;0;RATP;1;0;651021.0832;6867551.1312
48.91258349677915, 2.3342940159066474;"{""coordinates"": [2.334294015906647, 48.91258349677915], ""type"": ""Point""}";114075;Mairie de Saint-Ouen;Région Île-de-France;;72168;Mairie de Saint-Ouen;43969;Mairie de Saint-Ouen;A01546 / A01547;C01383 / C01384;METRO 13 / METRO 14;METRO;0;0;1;0;0;0;0;METRO 14;0;0;RATP;1;0;651207.7214;6868271.2093
48.85806226082792, 2.3908609523236075;"{""coordinates"": [2.390860952323608, 48.85806226082792], ""type"": ""Point""}";102039;Philippe Auguste;;;71751;Philippe Auguste;44332;Philippe Auguste;A01535;C01372;METRO 2;METRO;0;0;1;0;0;0;0;0;0;0;RATP;1;0;655306.8859;6862175.2736
48.86294983210812, 2.387434950999083;"{""coordinates"": [2.387434950999083, 48.86294983210812], ""type"": ""Point""}";103039;Père Lachaise;;;71787;Père Lachaise;44310;Père Lachaise;A01535 / A01536;C01372 / C01373;METRO 2 / METRO 3;METRO;0;0;1;0;0;0;0;0;0;0;RATP;1;0;655059.738;6862720.6773
48.877100184864226, 2.3487755574768463;"{""coordinates"": [2.348775557476846, 48.877100184864226], ""type"": ""Point""}";107047;Poissonnière;;;71363;Poissonnière;45165;Poissonnière;A01540;C01377;METRO 7;METRO;0;0;1;0;0;0;0;0;0;0;RATP;1;0;652236.5668;6864316.7882
48.8931499848255, 2.4127630445476265;"{""coordinates"": [2.412763044547626, 48.8931499848255], ""type"": ""Point""}";105043;Église de Pantin;;;72024;Église de Pantin;42949;Église de Pantin;A01538;C01375;METRO 5;METRO;0;0;1;0;0;0;0;0;0;0;RATP;1;0;656942.8491;6866064.6389
48.858061861342485, 2.347625155718967;"{""coordinates"": [2.347625155718967, 48.858061861342485], ""type"": ""Point""}";111057;Châtelet;;;71264;Châtelet;42587;Châtelet;A01534 / A01537 / A01540 / A01544 / A01547;C01371 / C01374 / C01377 / C01381 / C01384;METRO 1 / METRO 4 / METRO 7 / METRO 11 / METRO 14;METRO;0;0;1;0;0;0;0;1;0;0;RATP;1;0;652134.7036;6862200.5693
48.84023383539418, 2.35160647530219;"{""coordinates"": [2.35160647530219, 48.84023383539418], ""type"": ""Point""}";107073;Censier-Daubenton;;;71100;Censier Daubenton;42461;Censier Daubenton;A01540;C01377;METRO 7;METRO;0;0;1;0;0;0;0;0;0;0;RATP;1;0;652410.5319;6860215.8558
48.87296813987687, 2.3332570917912148;"{""coordinates"": [2.333257091791215, 48.87296813987687], ""type"": ""Point""}";109059;Chaussée d'Antin - La Fayette;;;73689;Chaussée d'Antin - La Fayette;42589;Chaussée d'Antin - La Fayette;A01540 / A01542;C01377 / C01379;METRO 7 / METRO 9;METRO;0;0;1;0;0;0;0;0;0;0;RATP;1;0;651094.5269;6863866.8329
48.88244268994717, 2.337085136498658;"{""coordinates"": [2.337085136498658, 48.88244268994717], ""type"": ""Point""}";112073;Pigalle;;;71409;Pigalle;44345;Pigalle;A01535 / A01545;C01372 / C01382;METRO 2 / METRO 12;METRO;0;0;1;0;0;0;0;0;0;0;RATP;1;0;651384.1514;6864917.9745
48.85489056594407, 2.3064034857365163;"{""coordinates"": [2.306403485736516, 48.85489056594407], ""type"": ""Point""}";108031;École Militaire;;;71224;École Militaire;42885;École Militaire;A01541;C01378;METRO 8;METRO;0;0;1;0;0;0;0;0;0;0;RATP;1;0;649107.2127;6861873.7278
48.87059047707668, 2.348491131078988;"{""coordinates"": [2.348491131078988, 48.87059047707668], ""type"": ""Point""}";108047;Bonne Nouvelle;;;71320;Bonne Nouvelle;45100;Bonne Nouvelle;A01541 / A01542;C01378 / C01379;METRO 8 / METRO 9;METRO;0;0;1;0;0;0;0;0;0;0;RATP;1;0;652209.7339;6863593.1266
48.90808243688599, 2.3777414811061086;"{""coordinates"": [2.377741481106109, 48.90808243688599], ""type"": ""Point""}";117092;Aimé Césaire;;;72491;Aimé Césaire;483901;Aimé Césaire;A01545;C01382;METRO 12;METRO;0;0;1;0;0;0;0;0;0;0;RATP;1;1;654388.149;6867744.7341
48.913710544615356, 2.3807356063950937;"{""coordinates"": [2.380735606395094, 48.913710544615356], ""type"": ""Point""}";117093;Mairie d'Aubervilliers;;;72524;Mairie d'Aubervilliers;483899;Mairie d'Aubervilliers;A01545;C01382;METRO 12;METRO;0;0;1;0;0;0;0;METRO 12;0;0;RATP;1;1;654612.5235;6868368.8379
48.888706018840786, 2.2880836330485033;"{""coordinates"": [2.288083633048503, 48.888706018840786], ""type"": ""Point""}";103077;Louise Michel;;;73667;Louise Michel;51613;Louise Michel;A01536;C01373;METRO 3;METRO;0;0;1;0;0;0;0;0;0;0;RATP;1;0;647796.9264;6865645.6998
48.838964279775986, 2.330754192086215;"{""coordinates"": [2.330754192086215, 48.838964279775986], ""type"": ""Point""}";104071;Raspail;;;71088;Raspail;45314;Raspail;A01537 / A01539;C01374 / C01376;METRO 4 / METRO 6;METRO;0;0;1;0;0;0;0;0;0;0;RATP;1;0;650878.8981;6860087.4642
48.847150054775234, 2.2691358727302675;"{""coordinates"": [2.269135872730268, 48.847150054775234], ""type"": ""Point""}";110029;Église d'Auteuil;;;71166;Église d'Auteuil;42947;Église d'Auteuil;A01543;C01380;METRO 10;METRO;0;0;1;0;0;0;0;0;0;0;RATP;1;0;646364.8036;6861037.7277
48.84794309626632, 2.2641304267383098;"{""coordinates"": [2.26413042673831, 48.84794309626632], ""type"": ""Point""}";110031;Michel Ange-Auteuil;;;71206;Michel-Ange - Auteuil;44138;Michel-Ange - Auteuil;A01542 / A01543;C01379 / C01380;METRO 9 / METRO 10;METRO;0;0;1;0;0;0;0;0;0;0;RATP;1;0;645998.3063;6861129.317
48.84524119390638, 2.261893641759713;"{""coordinates"": [2.261893641759713, 48.84524119390638], ""type"": ""Point""}";110035;Michel Ange-Molitor;;;73658;Michel-Ange - Molitor;44139;Michel-Ange - Molitor;A01542 / A01543;C01379 / C01380;METRO 9 / METRO 10;METRO;0;0;1;0;0;0;0;0;0;0;RATP;1;0;645831.3566;6860830.4268
48.848816371535776, 2.3212578629054597;"{""coordinates"": [2.32125786290546, 48.848816371535776], ""type"": ""Point""}";110053;Vaneau;;;71170;Vaneau;45116;Vaneau;A01543;C01380;METRO 10;METRO;0;0;1;0;0;0;0;0;0;0;RATP;1;0;650191.3229;6861188.8641
48.85008987711798, 2.3482087741854683;"{""coordinates"": [2.348208774185468, 48.85008987711798], ""type"": ""Point""}";110061;Maubert-Mutualité;;;71190;Maubert Mutualité;44119;Maubert Mutualité;A01543;C01380;METRO 10;METRO;0;0;1;0;0;0;0;0;0;0;RATP;1;0;652170.2062;6861313.803
48.841505521433405, 2.30794867933675;"{""coordinates"": [2.30794867933675, 48.841505521433405], ""type"": ""Point""}";112041;Volontaires;;;71113;Volontaires;45060;Volontaires;A01545;C01382;METRO 12;METRO;0;0;1;0;0;0;0;0;0;0;RATP;1;0;649207.5446;6860384.4512
48.88967407477267, 2.338760653233254;"{""coordinates"": [2.338760653233254, 48.88967407477267], ""type"": ""Point""}";112077;Lamarck-Caulaincourt;;;71492;Lamarck Caulaincourt;43600;Lamarck Caulaincourt;A01545;C01382;METRO 12;METRO;0;0;1;0;0;0;0;0;0;0;RATP;1;0;651513.7587;6865721.0314
48.890485454711516, 2.359995766383567;"{""coordinates"": [2.359995766383567, 48.890485454711516], ""type"": ""Point""}";112083;Marx Dormoy;;;71510;Marx Dormoy;44113;Marx Dormoy;A01545;C01382;METRO 12;METRO;0;0;1;0;0;0;0;0;0;0;RATP;1;0;653071.5478;6865798.4227
48.88718394593143, 2.3257796748068915;"{""coordinates"": [2.325779674806892, 48.88718394593143], ""type"": ""Point""}";114067;La Fourche;;;71474;La Fourche;43548;La Fourche;A01546;C01383;METRO 13;METRO;0;0;1;0;0;0;0;0;0;0;RATP;1;0;650559.5701;6865452.1927
48.87949310969703, 2.3885668704475225;"{""coordinates"": [2.388566870447522, 48.87949310969703], ""type"": ""Point""}";117033;Botzaris;;;71906;Botzaris;42369;Botzaris;A01550;C01387;METRO 7bis;METRO;0;0;1;0;0;0;0;0;0;0;RATP;1;0;655157.0227;6864559.5328
48.839041142786336, 2.389620015423847;"{""coordinates"": [2.389620015423847, 48.839041142786336], ""type"": ""Point""}";106039;Dugommier;;;71606;Dugommier;42869;Dugommier;A01539;C01376;METRO 6;METRO;0;0;1;0;0;0;0;0;0;0;RATP;1;0;655199.4899;6860061.0017
48.83494772141346, 2.368126329061811;"{""coordinates"": [2.368126329061811, 48.83494772141346], ""type"": ""Point""}";106045;Chevaleret;;;73651;Chevaleret;45267;Chevaleret;A01539;C01376;METRO 6;METRO;0;0;1;0;0;0;0;0;0;0;RATP;1;0;653618.2928;6859618.2657
48.82979051275094, 2.3504148706484034;"{""coordinates"": [2.350414870648403, 48.82979051275094], ""type"": ""Point""}";106051;Corvisart;;;71013;Corvisart;45274;Corvisart;A01539;C01376;METRO 6;METRO;0;0;1;0;0;0;0;0;0;0;RATP;1;0;652313.5222;6859055.391
48.8456269658205, 2.3095314928235138;"{""coordinates"": [2.309531492823514, 48.8456269658205], ""type"": ""Point""}";106067;Sèvres-Lecourbe;;;71144;Sèvres Lecourbe;44829;Sèvres Lecourbe;A01539;C01376;METRO 6;METRO;0;0;1;0;0;0;0;0;0;0;RATP;1;0;649327.718;6860841.6954
48.857448690040606, 2.28581244413408;"{""coordinates"": [2.28581244413408, 48.857448690040606], ""type"": ""Point""}";106077;Passy;;;71237;Passy;45417;Passy;A01539;C01376;METRO 6;METRO;0;0;1;0;0;0;0;0;0;0;RATP;1;0;647598.9541;6862171.635
48.86698310851503, 2.2900588335804866;"{""coordinates"": [2.290058833580487, 48.86698310851503], ""type"": ""Point""}";106081;Boissière;;;71301;Boissière;42359;Boissière;A01539;C01376;METRO 6;METRO;0;0;1;0;0;0;0;0;0;0;RATP;1;0;647920.0417;6863228.9677
48.874971744608764, 2.3405759820437195;"{""coordinates"": [2.34057598204372, 48.874971744608764], ""type"": ""Point""}";107051;Le Peletier;;;478885;Le Peletier;43656;Le Peletier;A01540;C01377;METRO 7;METRO;0;0;1;0;0;0;0;0;0;0;RATP;1;0;651633.2142;6864085.1114
48.8657611018949, 2.334427485913044;"{""coordinates"": [2.334427485913044, 48.8657611018949], ""type"": ""Point""}";107057;Pyramides;;;73788;Pyramides;44579;Pyramides;A01540 / A01547;C01377 / C01384;METRO 7 / METRO 14;METRO;0;0;1;0;0;0;0;0;0;0;RATP;1;0;651173.6182;6863064.7412
48.85162059003447, 2.361524965507838;"{""coordinates"": [2.361524965507838, 48.85162059003447], ""type"": ""Point""}";107067;Sully-Morland;;;71201;Sully Morland;44911;Sully Morland;A01540;C01377;METRO 7;METRO;0;0;1;0;0;0;0;0;0;0;RATP;1;0;653148.7307;6861476.0206
48.87023324246549, 2.325163546827897;"{""coordinates"": [2.325163546827897, 48.87023324246549], ""type"": ""Point""}";108039;Madeleine;;;71324;Madeleine;43898;Madeleine;A01541 / A01545 / A01547;C01378 / C01382 / C01384;METRO 8 / METRO 12 / METRO 14;METRO;0;0;1;0;0;0;0;0;0;0;RATP;1;0;650498.2822;6863567.7761
48.86325794403164, 2.3666610947164903;"{""coordinates"": [2.36666109471649, 48.86325794403164], ""type"": ""Point""}";108053;Filles du Calvaire;;;71277;Filles Du Calvaire;58727;Filles du Calvaire;A01541;C01378;METRO 8;METRO;0;0;1;0;0;0;0;0;0;0;RATP;1;0;653535.9904;6862766.9605
48.850177860965836, 2.3840922100662953;"{""coordinates"": [2.384092210066295, 48.850177860965836], ""type"": ""Point""}";108063;Faidherbe Chaligny;;;74001;Faidherbe Chaligny;42980;Faidherbe Chaligny;A01541;C01378;METRO 8;METRO;0;0;1;0;0;0;0;0;0;0;RATP;1;0;654803.4286;6861302.4487
48.82662006452886, 2.405851943981901;"{""coordinates"": [2.405851943981901, 48.82662006452886], ""type"": ""Point""}";108077;Liberté;;;71558;Liberté;43811;Liberté;A01541;C01378;METRO 8;METRO;0;0;1;0;0;0;0;0;0;0;RATP;1;0;656380.4618;6858670.8213
48.81480300606579, 2.4223761428456223;"{""coordinates"": [2.422376142845622, 48.81480300606579], ""type"": ""Point""}";108081;École Vétérinaire de Maisons-Alfort;;;70522;École Vétérinaire de Maisons-Alfort;42889;École Vétérinaire de Maisons-Alfort;A01541;C01378;METRO 8;METRO;0;0;1;0;0;0;0;0;0;0;RATP;1;0;657583.9566;6857347.8995
48.86533531632652, 2.41669727285771;"{""coordinates"": [2.41669727285771, 48.86533531632652], ""type"": ""Point""}";103033;Gallieni;Parc de Bagnolet;;71817;Gallieni;47890;Gallieni;A01536;C01373;METRO 3;METRO;0;0;1;0;0;0;0;1;0;0;RATP;1;0;657208.4603;6862969.6694
48.86147646279582, 2.3739435082451816;"{""coordinates"": [2.373943508245182, 48.86147646279582], ""type"": ""Point""}";109073;Saint-Ambroise;;;71781;Saint-Ambroise;45205;Saint-Ambroise;A01542;C01379;METRO 9;METRO;0;0;1;0;0;0;0;0;0;0;RATP;1;0;654068.6725;6862564.6133
48.88459420710098, 2.337949777055662;"{""coordinates"": [2.337949777055662, 48.88459420710098], ""type"": ""Point""}";112075;Abbesses;Butte Montmartre;;71432;Abbesses;42155;Abbesses;A01545;C01382;METRO 12;METRO;0;0;1;0;0;0;0;0;0;0;RATP;1;0;651449.5655;6865156.6779
48.87126214352652, 2.2932406499473132;"{""coordinates"": [2.293240649947313, 48.87126214352652], ""type"": ""Point""}";106083;Kléber;;;73656;Kléber;43498;Kléber;A01539;C01376;METRO 6;METRO;0;0;1;0;0;0;0;0;0;0;RATP;1;0;648157.7063;6863702.6675
48.88106934078286, 2.3646861075145877;"{""coordinates"": [2.364686107514588, 48.88106934078286], ""type"": ""Point""}";107041;Louis Blanc;;;71407;Louis Blanc;43823;Louis Blanc;A01540 / A01550;C01377 / C01387;METRO 7 / METRO 7bis;METRO;0;0;1;0;0;0;0;1;0;0;RATP;1;0;653407.0364;6864748.6267
48.82708544796182, 2.27941168205042;"{""coordinates"": [2.27941168205042, 48.82708544796182], ""type"": ""Point""}";112033;Corentin Celton;;;70990;Corentin Celton;42759;Corentin Celton;A01545;C01382;METRO 12;METRO;0;0;1;0;0;0;0;0;0;0;RATP;1;0;647098.5235;6858799.8446
48.8763302640252, 2.3331088937605435;"{""coordinates"": [2.333108893760544, 48.8763302640252], ""type"": ""Point""}";112067;Trinité d'Estienne d'Orves;;;71355;Trinité d'Estienne d'Orves;45170;Trinité d'Estienne d'Orves;A01545;C01382;METRO 12;METRO;0;0;1;0;0;0;0;0;0;0;RATP;1;0;651086.8143;6864240.7689
48.8271636169609, 2.3671730244778457;"{""coordinates"": [2.367173024477846, 48.8271636169609], ""type"": ""Point""}";114005;Olympiades;;;71557;Olympiades;479056;Olympiades;A01547;C01384;METRO 14;METRO;0;0;1;0;0;0;0;1;0;0;RATP;1;1;653541.3819;6858753.3201
48.840663228364996, 2.3263846107928456;"{""coordinates"": [2.326384610792846, 48.840663228364996], ""type"": ""Point""}";106061;Edgar Quinet;;;71108;Edgar Quinet;45313;Edgar Quinet;A01539;C01376;METRO 6;METRO;0;0;1;0;0;0;0;0;0;0;RATP;1;0;650559.8002;6860279.0962
48.856228090321636, 2.3946756547920454;"{""coordinates"": [2.394675654792045, 48.856228090321636], ""type"": ""Point""}";102037;Alexandre Dumas;;;71728;Alexandre Dumas;45196;Alexandre Dumas;A01535;C01372;METRO 2;METRO;0;0;1;0;0;0;0;0;0;0;RATP;1;0;655585.2053;6861969.1765
48.88671096710697, 2.349559430194617;"{""coordinates"": [2.349559430194617, 48.88671096710697], ""type"": ""Point""}";104035;Château Rouge;;;71469;Château Rouge;42585;Château Rouge;A01537;C01374;METRO 4;METRO;0;0;1;0;0;0;0;0;0;0;RATP;1;0;652302.861;6865384.9736
48.87199369082578, 2.3770297767045334;"{""coordinates"": [2.377029776704533, 48.87199369082578], ""type"": ""Point""}";111045;Belleville;;;71853;Belleville;42311;Belleville;A01535 / A01544;C01372 / C01381;METRO 2 / METRO 11;METRO;0;0;1;0;0;0;0;0;0;0;RATP;1;0;654304.3217;6863732.2601
48.89090644862382, 2.3770904390888754;"{""coordinates"": [2.377090439088875, 48.89090644862382], ""type"": ""Point""}";107035;Crimée;;;72013;Crimée;42780;Crimée;A01540;C01377;METRO 7;METRO;0;0;1;0;0;0;0;0;0;0;RATP;1;0;654325.3614;6865835.2112
48.87600859287756, 2.344572482089328;"{""coordinates"": [2.344572482089328, 48.87600859287756], ""type"": ""Point""}";107049;Cadet;;;71351;Cadet;42414;Cadet;A01540;C01377;METRO 7;METRO;0;0;1;0;0;0;0;0;0;0;RATP;1;0;651927.2958;6864197.9612
48.821897938499944, 2.4131329383427076;"{""coordinates"": [2.413132938342708, 48.821897938499944], ""type"": ""Point""}";108079;Charenton-Écoles;;;70648;Charenton - Écoles;42545;Charenton Écoles;A01541;C01378;METRO 8;METRO;0;0;1;0;0;0;0;0;0;0;RATP;1;0;656911.0857;6858141.7767
48.864943452397696, 2.39799638832717;"{""coordinates"": [2.39799638832717, 48.864943452397696], ""type"": ""Point""}";103037;Gambetta;;;71808;Gambetta;43055;Gambetta;A01536 / A01549;C01373 / C01386;METRO 3 / METRO 3bis;METRO;0;0;1;0;0;0;0;1;0;0;RATP;1;0;655836.2429;6862936.3939
48.88432566211362, 2.367372038565468;"{""coordinates"": [2.367372038565468, 48.88432566211362], ""type"": ""Point""}";105055;Stalingrad;;;71961;Stalingrad;44901;Stalingrad;A01535 / A01538 / A01540;C01372 / C01375 / C01377;METRO 2 / METRO 5 / METRO 7;METRO;0;0;1;0;0;0;0;0;0;0;RATP;1;0;653606.9153;6865109.1288
48.85509449354248, 2.384699760132843;"{""coordinates"": [2.384699760132843, 48.85509449354248], ""type"": ""Point""}";109077;Charonne;;;73647;Charonne;42560;Charonne;A01542;C01379;METRO 9;METRO;0;0;1;0;0;0;0;0;0;0;RATP;1;0;654852.271;6861848.7876
48.87201346283033, 2.340051785735735;"{""coordinates"": [2.340051785735735, 48.87201346283033], ""type"": ""Point""}";108043;Richelieu-Drouot;;;71330;Richelieu Drouot;44642;Richelieu Drouot;A01541 / A01542;C01378 / C01379;METRO 8 / METRO 9;METRO;0;0;1;0;0;0;0;0;0;0;RATP;1;0;651592.0176;6863756.4929
48.881094426231876, 2.3147210047461946;"{""coordinates"": [2.314721004746195, 48.881094426231876], ""type"": ""Point""}";103067;Villiers;;;71403;Villiers;45056;Villiers;A01535 / A01536;C01372 / C01373;METRO 2 / METRO 3;METRO;0;0;1;0;0;0;0;0;0;0;RATP;1;0;649742.7839;6864782.058
48.86902652633847, 2.3099353887122906;"{""coordinates"": [2.309935388712291, 48.86902652633847], ""type"": ""Point""}";109049;Franklin D. Roosevelt;;;71318;Franklin D. Roosevelt;43026;Franklin D. Roosevelt;A01534 / A01542;C01371 / C01379;METRO 1 / METRO 9;METRO;0;0;1;0;0;0;0;0;0;0;RATP;1;0;649380.0967;6863443.2531
48.803489717990644, 2.3173602968975313;"{""coordinates"": [2.317360296897531, 48.803489717990644], ""type"": ""Point""}";117091;Bagneux - Lucie Aubrac;;;483315;Bagneux - Lucie Aubrac;483280;Bagneux - Lucie Aubrac;A01537;C01374;METRO 4;METRO;0;0;1;0;0;0;0;1;0;0;RATP;1;1;649861.7413;6856151.5575
48.85755155236203, 2.3512922093345723;"{""coordinates"": [2.351292209334572, 48.85755155236203], ""type"": ""Point""}";101051;Hôtel de Ville;;;415852;Hôtel de Ville de Paris - 4ème Arrondissement;470524;Hôtel de Ville;A01534 / A01544;C01371 / C01381;METRO 1 / METRO 11;METRO;0;0;1;0;0;0;0;0;0;0;RATP;1;0;652403.2862;6862141.6107
48.86651446080855, 2.3608035032752683;"{""coordinates"": [2.360803503275268, 48.86651446080855], ""type"": ""Point""}";103047;Temple;;;71296;Temple;44924;Temple;A01536;C01373;METRO 3;METRO;0;0;1;0;0;0;0;0;0;0;RATP;1;0;653109.1971;6863132.5225
48.86963799595273, 2.336232756868916;"{""coordinates"": [2.336232756868916, 48.86963799595273], ""type"": ""Point""}";103057;Quatre Septembre;;;71313;Quatre Septembre;44587;Quatre Septembre;A01536;C01373;METRO 3;METRO;0;0;1;0;0;0;0;0;0;0;RATP;1;0;651309.6735;6863494.7068
48.87877036755244, 2.3222652131188943;"{""coordinates"": [2.322265213118894, 48.87877036755244], ""type"": ""Point""}";103065;Europe;;;73617;Europe;42972;Europe;A01536;C01373;METRO 3;METRO;0;0;1;0;0;0;0;0;0;0;RATP;1;0;650293.8318;6864518.8631
48.89434384790808, 2.3474307799602045;"{""coordinates"": [2.347430779960205, 48.89434384790808], ""type"": ""Point""}";104031;Simplon;;;71556;Simplon;44833;Simplon;A01537;C01374;METRO 4;METRO;0;0;1;0;0;0;0;0;0;0;RATP;1;0;652153.7839;6866234.9969
48.84221841267896, 2.329008926235402;"{""coordinates"": [2.329008926235402, 48.84221841267896], ""type"": ""Point""}";104069;Vavin;;;71117;Vavin;44997;Vavin;A01537;C01374;METRO 4;METRO;0;0;1;0;0;0;0;0;0;0;RATP;1;0;650753.8774;6860450.3764
48.83111265944071, 2.3297050126201837;"{""coordinates"": [2.329705012620184, 48.83111265944071], ""type"": ""Point""}";104075;Mouton-Duvernet;;;73653;Mouton Duvernet;44183;Mouton Duvernet;A01537;C01374;METRO 4;METRO;0;0;1;0;0;0;0;0;0;0;RATP;1;0;650794.4816;6859215.1047
48.82818847537889, 2.3271646496078233;"{""coordinates"": [2.327164649607823, 48.82818847537889], ""type"": ""Point""}";104077;Alésia;;;71030;Alésia;42175;Alésia;A01537;C01374;METRO 4;METRO;0;0;1;0;0;0;0;0;0;0;RATP;1;0;650605.2307;6858891.5557
48.85614071202625, 2.3702093410963823;"{""coordinates"": [2.370209341096382, 48.85614071202625], ""type"": ""Point""}";105069;Bréguet-Sabin;;;73621;Bréguet-Sabin;42390;Bréguet-Sabin;A01538;C01375;METRO 5;METRO;0;0;1;0;0;0;0;0;0;0;RATP;1;0;653789.9849;6861973.5007
48.846534635796644, 2.2859992220590066;"{""coordinates"": [2.285999222059007, 48.846534635796644], ""type"": ""Point""}";110043;Charles Michels;;;71156;Charles Michels;42557;Charles Michels;A01543;C01380;METRO 10;METRO;0;0;1;0;0;0;0;0;0;0;RATP;1;0;647601.6845;6860957.9773
48.89150083893872, 2.3496204845329847;"{""coordinates"": [2.349620484532985, 48.89150083893872], ""type"": ""Point""}";112081;Marcadet-Poissonniers;;;71511;Marcadet Poissonniers;44075;Marcadet Poissonniers;A01537 / A01545;C01374 / C01382;METRO 4 / METRO 12;METRO;0;0;1;0;0;0;0;0;0;0;RATP;1;0;652311.725;6865917.5442
48.856871378314686, 2.3150566373170878;"{""coordinates"": [2.315056637317088, 48.856871378314686], ""type"": ""Point""}";114053;Varenne;;;71232;Varenne;45131;Varenne;A01546;C01383;METRO 13;METRO;0;0;1;0;0;0;0;0;0;0;RATP;1;0;649744.034;6862088.4335
48.84506157901035, 2.4012890198273475;"{""coordinates"": [2.401289019827348, 48.84506157901035], ""type"": ""Point""}";106033;Picpus;;;71639;Picpus;44334;Picpus;A01539;C01376;METRO 6;METRO;0;0;1;0;0;0;0;0;0;0;RATP;1;0;656061.0276;6860723.8589
48.85394260527926, 2.289334532778806;"{""coordinates"": [2.289334532778806, 48.85394260527926], ""type"": ""Point""}";106075;Bir-Hakeim;Tour Eiffel;;473829;Bir-Hakeim;45340;Bir-Hakeim;A01539;C01376;METRO 6;METRO;0;0;1;0;0;0;0;0;0;0;RATP;1;0;647853.8595;6861779.4604
48.90378388011075, 2.392221221171115;"{""coordinates"": [2.392221221171115, 48.90378388011075], ""type"": ""Point""}";107029;Aubervilliers Pantin - Quatre Chemins;;;72460;Aubervilliers Pantin Quatre Chemins;46492;Aubervilliers Pantin Quatre Chemins;A01540;C01377;METRO 7;METRO;0;0;1;0;0;0;0;0;0;0;RATP;1;0;655445.8206;6867258.482
48.842866829748104, 2.3522247281830833;"{""coordinates"": [2.352224728183083, 48.842866829748104], ""type"": ""Point""}";107071;Place Monge;Jardin des Plantes – Arènes de Lutèce;;71133;Place Monge;44435;Place Monge;A01540;C01377;METRO 7;METRO;0;0;1;0;0;0;0;0;0;0;RATP;1;0;652458.3099;6860508.2454
48.810129956339246, 2.3622633871273484;"{""coordinates"": [2.362263387127348, 48.810129956339246], ""type"": ""Point""}";107095;Le Kremlin-Bicêtre;;;70452;Le Kremlin - Bicêtre;43643;Le Kremlin - Bicêtre;A01540;C01377;METRO 7;METRO;0;0;1;0;0;0;0;0;0;0;RATP;1;0;653165.655;6856862.2879
48.84109405541503, 2.287945766499664;"{""coordinates"": [2.287945766499664, 48.84109405541503], ""type"": ""Point""}";108023;Boucicaut;;;412992;Boucicaut;42370;Boucicaut;A01541;C01378;METRO 8;METRO;0;0;1;0;0;0;0;0;0;0;RATP;1;0;647739.0763;6860351.7535
48.85772541195898, 2.3105659609468447;"{""coordinates"": [2.310565960946845, 48.85772541195898], ""type"": ""Point""}";108033;La Tour Maubourg;;;71242;La Tour Maubourg;43409;La Tour Maubourg;A01541;C01378;METRO 8;METRO;0;0;1;0;0;0;0;0;0;0;RATP;1;0;649415.3796;6862186.2617
48.85152370749983, 2.375101033755616;"{""coordinates"": [2.375101033755616, 48.85152370749983], ""type"": ""Point""}";108061;Ledru Rollin;;;71693;Ledru Rollin;43674;Ledru Rollin;A01541;C01378;METRO 8;METRO;0;0;1;0;0;0;0;0;0;0;RATP;1;0;654144.8357;6861457.2786
48.829746119059685, 2.2310281002026207;"{""coordinates"": [2.231028100202621, 48.829746119059685], ""type"": ""Point""}";109021;Pont de Sèvres;;;70698;Pont de Sèvres;44481;Pont de Sèvres;A01542;C01379;METRO 9;METRO;0;0;1;0;0;0;0;1;0;0;RATP;1;0;643549.4672;6859129.1796
48.85250408967838, 2.2681767494359604;"{""coordinates"": [2.26817674943596, 48.85250408967838], ""type"": ""Point""}";109035;Jasmin;;;73657;Jasmin;43423;Jasmin;A01542;C01379;METRO 9;METRO;0;0;1;0;0;0;0;0;0;0;RATP;1;0;646299.9369;6861633.6924
48.86644680513255, 2.3835991095736566;"{""coordinates"": [2.383599109573657, 48.86644680513255], ""type"": ""Point""}";102043;Ménilmontant;;;71815;Ménilmontant;44133;Ménilmontant;A01535;C01372;METRO 2;METRO;0;0;1;0;0;0;0;0;0;0;RATP;1;0;654781.3662;6863111.7042
48.869798555526245, 2.285335094686168;"{""coordinates"": [2.285335094686168, 48.869798555526245], ""type"": ""Point""}";102079;Victor Hugo;;;71315;Victor Hugo;45020;Victor Hugo;A01535;C01372;METRO 2;METRO;0;0;1;0;0;0;0;0;0;0;RATP;1;0;647576.3599;6863545.1478
48.86229941188523, 2.441521809411031;"{""coordinates"": [2.441521809411031, 48.86229941188523], ""type"": ""Point""}";109093;Mairie de Montreuil;;;71785;Mairie de Montreuil;44052;Mairie de Montreuil;A01542;C01379;METRO 9;METRO;0;0;1;0;0;0;0;1;0;0;RATP;1;0;659027.1889;6862618.9315
48.855196323880406, 2.3258155665115288;"{""coordinates"": [2.325815566511529, 48.855196323880406], ""type"": ""Point""}";112055;Rue du Bac;;;71227;Rue du Bac;58717;Rue du Bac;A01545;C01382;METRO 12;METRO;0;0;1;0;0;0;0;0;0;0;RATP;1;0;650531.8333;6861895.3889
48.82258370771768, 2.2984641946702635;"{""coordinates"": [2.298464194670264, 48.82258370771768], ""type"": ""Point""}";114037;Malakoff - Plateau de Vanves;;;73766;Malakoff - Plateau De Vanves;413433;Malakoff - Plateau De Vanves;A01546;C01383;METRO 13;METRO;0;0;1;0;0;0;0;0;0;0;RATP;1;0;648492.7657;6858286.7119
48.88027195609515, 2.398468172268172;"{""coordinates"": [2.398468172268172, 48.88027195609515], ""type"": ""Point""}";117029;Pré Saint-Gervais;;;71911;Pré Saint-Gervais;45617;Pré Saint-Gervais;A01550;C01387;METRO 7bis;METRO;0;0;1;0;0;0;0;1;0;0;RATP;1;0;655883.8374;6864640.5585
48.88796756081547, 2.3734568878525493;"{""coordinates"": [2.373456887852549, 48.88796756081547], ""type"": ""Point""}";107037;Riquet;;;71977;Riquet;44643;Riquet;A01540;C01377;METRO 7;METRO;0;0;1;0;0;0;0;0;0;0;RATP;1;0;654056.345;6865510.53
48.87146657719322, 2.277083017052586;"{""coordinates"": [2.277083017052586, 48.87146657719322], ""type"": ""Point""}";102081;Porte Dauphine;;;474152;Porte Dauphine;44509;Porte Dauphine;A01535;C01372;METRO 2;METRO;0;0;1;0;0;0;0;1;0;0;RATP;1;0;646972.7506;6863736.1283
48.88289191651976, 2.3090522645504783;"{""coordinates"": [2.309052264550478, 48.88289191651976], ""type"": ""Point""}";103069;Malesherbes;;;71416;Malesherbes;59370;Malesherbes;A01536;C01373;METRO 3;METRO;0;0;1;0;0;0;0;0;0;0;RATP;1;0;649328.8075;6864985.5498
48.84648464963565, 2.3659101068529798;"{""coordinates"": [2.36591010685298, 48.84648464963565], ""type"": ""Point""}";105073;Quai de la Rapée;;;71637;Quai de la Rapée;44583;Quai de la Rapée;A01538;C01375;METRO 5;METRO;0;0;1;0;0;0;0;0;0;0;RATP;1;0;653465.9193;6860902.359
48.84520470173898, 2.266441540369507;"{""coordinates"": [2.266441540369507, 48.84520470173898], ""type"": ""Point""}";110037;Chardon Lagache;;;71141;Chardon Lagache;42543;Chardon Lagache;A01543;C01380;METRO 10;METRO;0;0;1;0;0;0;0;0;0;0;RATP;1;0;646165.0735;6860823.259
48.8530167660758, 2.3355020503762596;"{""coordinates"": [2.33550205037626, 48.8530167660758], ""type"": ""Point""}";110057;Mabillon;;;73639;Mabillon;59379;Mabillon;A01543;C01380;METRO 10;METRO;0;0;1;0;0;0;0;0;0;0;RATP;1;0;651240.521;6861647.0173
48.82430937015939, 2.273665557499754;"{""coordinates"": [2.273665557499754, 48.82430937015939], ""type"": ""Point""}";112031;Mairie d'Issy;;;70671;Mairie d'Issy;44050;Mairie d'Issy;A01545;C01382;METRO 12;METRO;0;0;1;0;0;0;0;1;0;0;RATP;1;0;646673.8484;6858495.0452
48.838734857902175, 2.2821433781708906;"{""coordinates"": [2.282143378170891, 48.838734857902175], ""type"": ""Point""}";108021;Lourmel;;;71086;Lourmel;45363;Lourmel;A01541;C01378;METRO 8;METRO;0;0;1;0;0;0;0;0;0;0;RATP;1;0;647310.8393;6860093.2932
48.87844429946005, 2.3619653022299594;"{""coordinates"": [2.361965302229959, 48.87844429946005], ""type"": ""Point""}";107043;Château-Landon;;;71359;Château Landon;470519;Gare de l'Est;A01540;C01377;METRO 7;METRO;0;0;1;0;0;0;0;0;0;0;RATP;1;0;653205.1424;6864458.3475
48.88297276689289, 2.3446670737483;"{""coordinates"": [2.3446670737483, 48.88297276689289], ""type"": ""Point""}";102059;Anvers;Sacré-Cœur;;71419;Anvers;42210;Anvers;A01535;C01372;METRO 2;METRO;0;0;1;0;0;0;0;0;0;0;RATP;1;0;651940.6604;6864972.2744
48.884970561831835, 2.3787169232246446;"{""coordinates"": [2.378716923224645, 48.884970561831835], ""type"": ""Point""}";105051;Laumière;;;71957;Laumière;45581;Laumière;A01538;C01375;METRO 5;METRO;0;0;1;0;0;0;0;0;0;0;RATP;1;0;654439.427;6865174.2323
48.86929400672692, 2.3542808790753758;"{""coordinates"": [2.354280879075376, 48.86929400672692], ""type"": ""Point""}";109067;Strasbourg-Saint-Denis;;;73633;Strasbourg - Saint-Denis;44909;Strasbourg Saint-Denis;A01537 / A01541 / A01542;C01374 / C01378 / C01379;METRO 4 / METRO 8 / METRO 9;METRO;0;0;1;0;0;0;0;0;0;0;RATP;1;0;652633.2421;6863445.4801
48.837099427289054, 2.296231386803388;"{""coordinates"": [2.296231386803388, 48.837099427289054], ""type"": ""Point""}";112037;Convention;;;71075;Convention;42751;Convention;A01545;C01382;METRO 12;METRO;0;0;1;0;0;0;0;0;0;0;RATP;1;0;648343.221;6859902.1435
48.89465585739898, 2.382160158371537;"{""coordinates"": [2.382160158371537, 48.89465585739898], ""type"": ""Point""}";107033;Corentin Cariou;;;72031;Corentin Cariou;45598;Corentin Cariou;A01540;C01377;METRO 7;METRO;0;0;1;0;0;0;0;0;0;0;RATP;1;0;654700.3515;6866249.2071
48.88343001289134, 2.327228335720636;"{""coordinates"": [2.327228335720636, 48.88343001289134], ""type"": ""Point""}";114065;Place de Clichy;;;71435;Place de Clichy;44372;Place de Clichy;A01535 / A01546;C01372 / C01383;METRO 2 / METRO 13;METRO;0;0;1;0;0;0;0;0;0;0;RATP;1;0;650662.241;6865033.8723
48.849064562540384, 2.297916591840311;"{""coordinates"": [2.297916591840311, 48.849064562540384], ""type"": ""Point""}";106071;La Motte Picquet-Grenelle;;;71199;La Motte Picquet - Grenelle;43566;La Motte Picquet - Grenelle;A01539 / A01541 / A01543;C01376 / C01378 / C01380;METRO 6 / METRO 8 / METRO 10;METRO;0;0;1;0;0;0;0;0;0;0;RATP;1;0;648478.7415;6861231.437
48.857103256292156, 2.368184109510193;"{""coordinates"": [2.368184109510193, 48.857103256292156], ""type"": ""Point""}";108057;Chemin Vert;;;73622;Chemin Vert;45097;Chemin Vert;A01541;C01378;METRO 8;METRO;0;0;1;0;0;0;0;0;0;0;RATP;1;0;653642.2459;6862081.7145
48.83173796343587, 2.237436786980606;"{""coordinates"": [2.237436786980606, 48.83173796343587], ""type"": ""Point""}";109023;Billancourt;;;71034;Billancourt;42334;Billancourt;A01542;C01379;METRO 9;METRO;0;0;1;0;0;0;0;0;0;0;RATP;1;0;644022.0556;6859346.0848
48.88813847667783, 2.249792769009765;"{""coordinates"": [2.249792769009765, 48.88813847667783], ""type"": ""Point""}";101079;Esplanade de la Défense;;;71485;Esplanade de La Défense;42962;Esplanade de La Défense;A01534;C01371;METRO 1;METRO;0;0;1;0;0;0;0;0;0;0;RATP;1;0;644988.6344;6865608.5883
48.809703996598586, 2.317449187923372;"{""coordinates"": [2.317449187923372, 48.809703996598586], ""type"": ""Point""}";117090;Barbara;;;70441;Barbara;483278;Barbara;A01537;C01374;METRO 4;METRO;0;0;0;0;0;0;0;0;0;0;RATP;1;0;649874.2426;6856842.4412
48.85105028137978, 2.3442733454213514;"{""coordinates"": [2.344273345421351, 48.85105028137978], ""type"": ""Point""}";110060;Cluny-La Sorbonne;;;73620;Cluny La Sorbonne;44877;Saint-Michel Notre-Dame;A01543;C01380;METRO 10;METRO;0;0;1;0;0;0;0;0;0;0;RATP;1;0;651882.3097;6861422.9819
48.87380673292813, 2.3269998588808716;"{""coordinates"": [2.326999858880872, 48.87380673292813], ""type"": ""Point""}";103061;Havre-Caumartin;;;73688;Gare Saint-Lazare;58718;Haussmann Saint-Lazare;A01536 / A01542;C01373 / C01379;METRO 3 / METRO 9;METRO;0;0;1;0;0;0;0;0;0;0;RATP;1;0;650636.3658;6863963.9719
48.86628580364943, 2.322943412243541;"{""coordinates"": [2.322943412243541, 48.86628580364943], ""type"": ""Point""}";101061;Concorde;;;71298;Concorde;45676;Concorde;A01534 / A01541 / A01545;C01371 / C01378 / C01382;METRO 1 / METRO 8 / METRO 12;METRO;0;0;1;0;0;0;0;0;0;0;RATP;1;0;650331.6676;6863130.2462
48.87202380856601, 2.3005604512487965;"{""coordinates"": [2.300560451248796, 48.87202380856601], ""type"": ""Point""}";101067;George V;;;71328;George V;43283;George V;A01534;C01371;METRO 1;METRO;0;0;1;0;0;0;0;0;0;0;RATP;1;0;648695.3653;6863782.5778
48.875336841182126, 2.2901275088247;"{""coordinates"": [2.2901275088247, 48.875336841182126], ""type"": ""Point""}";101071;Argentine;;;71348;Argentine;42213;Argentine;A01534;C01371;METRO 1;METRO;0;0;1;0;0;0;0;0;0;0;RATP;1;0;647933.4302;6864157.7905
48.86428575771083, 2.3797418931775534;"{""coordinates"": [2.379741893177553, 48.86428575771083], ""type"": ""Point""}";103041;Saint-Maur;;;71795;Rue Saint-Maur;45194;Rue Saint-Maur;A01536;C01373;METRO 3;METRO;0;0;1;0;0;0;0;0;0;0;RATP;1;0;654496.5224;6862873.6278
48.867513024064, 2.346552336353211;"{""coordinates"": [2.346552336353211, 48.867513024064], ""type"": ""Point""}";103053;Sentier;;;73634;Sentier;44825;Sentier;A01536;C01373;METRO 3;METRO;0;0;1;0;0;0;0;0;0;0;RATP;1;0;652064.6885;6863252.1122
48.883809200299005, 2.3046744405283954;"{""coordinates"": [2.304674440528395, 48.883809200299005], ""type"": ""Point""}";103071;Wagram;;;71423;Wagram;45508;Wagram;A01536;C01373;METRO 3;METRO;0;0;1;0;0;0;0;0;0;0;RATP;1;0;649008.6628;6865090.3639
48.89208278504046, 2.2850095027461945;"{""coordinates"": [2.285009502746195, 48.89208278504046], ""type"": ""Point""}";103079;Anatole France;;;71519;Anatole France;42195;Anatole France;A01536;C01373;METRO 3;METRO;0;0;1;0;0;0;0;0;0;0;RATP;1;0;647574.9141;6866023.2122
48.859873620731115, 2.3719139787596704;"{""coordinates"": [2.37191397875967, 48.859873620731115], ""type"": ""Point""}";105067;Richard Lenoir;;;73648;Richard Lenoir;44641;Richard Lenoir;A01538;C01375;METRO 5;METRO;0;0;1;0;0;0;0;0;0;0;RATP;1;0;653918.3593;6862387.5727
48.85272511834309, 2.406089163241689;"{""coordinates"": [2.406089163241689, 48.85272511834309], ""type"": ""Point""}";109085;Maraîchers;;;71703;Maraîchers;44072;Maraîchers;A01542;C01379;METRO 9;METRO;0;0;1;0;0;0;0;0;0;0;RATP;1;0;656419.7093;6861573.3159
48.8471310072617, 2.2727637533161587;"{""coordinates"": [2.272763753316159, 48.8471310072617], ""type"": ""Point""}";110039;Mirabeau;;;71162;Mirabeau;45430;Mirabeau;A01543;C01380;METRO 10;METRO;0;0;1;0;0;0;0;0;0;0;RATP;1;0;646631.0122;6861033.1517
48.84699703040198, 2.295019130476361;"{""coordinates"": [2.295019130476361, 48.84699703040198], ""type"": ""Point""}";110045;Avenue Émile Zola;;;71158;Avenue Émile Zola;42265;Avenue Émile Zola;A01543;C01380;METRO 10;METRO;0;0;1;0;0;0;0;0;0;0;RATP;1;0;648264.0691;6861003.4431
48.85137882881257, 2.3269352447531615;"{""coordinates"": [2.326935244753161, 48.85137882881257], ""type"": ""Point""}";110055;Sèvres-Babylone;;;71203;Sèvres Babylone;44828;Sèvres Babylone;A01543 / A01545;C01380 / C01382;METRO 10 / METRO 12;METRO;0;0;1;0;0;0;0;0;0;0;RATP;1;0;650610.3693;6861470.2183
48.846656850315505, 2.351623256378512;"{""coordinates"": [2.351623256378512, 48.846656850315505], ""type"": ""Point""}";110063;Cardinal Lemoine;;;71153;Cardinal Lemoine;42435;Cardinal Lemoine;A01543;C01380;METRO 10;METRO;0;0;1;0;0;0;0;0;0;0;RATP;1;0;652417.6279;6860930.0204
48.87976125306282, 2.416479643671439;"{""coordinates"": [2.416479643671439, 48.87976125306282], ""type"": ""Point""}";111033;Mairie des Lilas;;;71909;Mairie des Lilas;44055;Mairie des Lilas;A01544;C01381;METRO 11;METRO;0;0;1;0;0;0;0;1;0;0;RATP;1;0;657204.3492;6864573.8589
48.86995751176857, 2.3710948397312004;"{""coordinates"": [2.3710948397312, 48.86995751176857], ""type"": ""Point""}";111047;Goncourt;Hôpital Saint-Louis;;71840;Goncourt;43298;Goncourt;A01544;C01381;METRO 11;METRO;0;0;1;0;0;0;0;0;0;0;RATP;1;0;653867.1922;6863509.3023
48.84292061815004, 2.3126070496498645;"{""coordinates"": [2.312607049649865, 48.84292061815004], ""type"": ""Point""}";112043;Pasteur;;;71125;Pasteur;44273;Pasteur;A01539 / A01545;C01376 / C01382;METRO 6 / METRO 12;METRO;0;0;1;0;0;0;0;0;0;0;RATP;1;0;649550.8024;6860538.8085
48.876047495071, 2.337495844533764;"{""coordinates"": [2.337495844533764, 48.876047495071], ""type"": ""Point""}";112069;Notre-Dame-de-Lorette;;;71350;Notre-Dame-de-Lorette;44210;Notre-Dame-de-Lorette;A01545;C01382;METRO 12;METRO;0;0;1;0;0;0;0;0;0;0;RATP;1;0;651408.3042;6864206.6184
48.83333855831707, 2.3866324020669847;"{""coordinates"": [2.386632402066985, 48.83333855831707], ""type"": ""Point""}";114001;Cour Saint-Émilion;;;71576;Cour Saint-Emilion;45234;Cour Saint-Emilion;A01547;C01384;METRO 14;METRO;0;0;1;0;0;0;0;0;0;0;RATP;1;0;654975.2848;6859428.6327
48.815307531164876, 2.297077796960861;"{""coordinates"": [2.297077796960861, 48.815307531164876], ""type"": ""Point""}";114035;Malakoff - Rue Étienne Dolet;;;70562;Malakoff - Étienne Dolet;44069;Malakoff Rue Étienne Dolet;A01546;C01383;METRO 13;METRO;0;0;1;0;0;0;0;0;0;0;RATP;1;0;648383.7761;6857478.6019
48.83863164620189, 2.3224917484505485;"{""coordinates"": [2.322491748450549, 48.83863164620189], ""type"": ""Point""}";114045;Gaîté;;;73675;Gaîté;43046;Gaîté;A01546;C01383;METRO 13;METRO;0;0;1;0;0;0;0;0;0;0;RATP;1;0;650272.1512;6860055.6506
48.919007554283056, 2.342608014423155;"{""coordinates"": [2.342608014423155, 48.919007554283056], ""type"": ""Point""}";114077;Carrefour Pleyel;;;72217;Carrefour Pleyel;42447;Carrefour Pleyel;A01546;C01383;METRO 13;METRO;0;0;1;0;0;0;0;0;0;0;RATP;1;0;651823.021;6868980.4409
48.945867271208414, 2.364636482504226;"{""coordinates"": [2.364636482504226, 48.945867271208414], ""type"": ""Point""}";114082;Saint-Denis - Université;;;72358;Saint-Denis Université (Paris 8);44860;Saint-Denis - Université;A01546;C01383;METRO 13;METRO;0;0;1;0;0;0;0;1;0;0;RATP;1;0;653461.3754;6871954.0026
48.83099530036978, 2.3558348979655515;"{""coordinates"": [2.355834897965551, 48.83099530036978], ""type"": ""Point""}";105081;Place d'Italie;;;71033;Place d'Italie - Italie 2;44371;Place d'Italie;A01538 / A01539 / A01540;C01375 / C01376 / C01377;METRO 5 / METRO 6 / METRO 7;METRO;0;0;1;0;0;0;0;1;0;0;RATP;1;0;652712.494;6859186.0902
48.839567197402936, 2.395952926588724;"{""coordinates"": [2.395952926588724, 48.839567197402936], ""type"": ""Point""}";106037;Daumesnil;;;71614;Daumesnil;45229;Daumesnil;A01539 / A01541;C01376 / C01378;METRO 6 / METRO 8;METRO;0;0;1;0;0;0;0;0;0;0;RATP;1;0;655664.7496;6860115.9193
48.83290081473319, 2.3371351947060393;"{""coordinates"": [2.337135194706039, 48.83290081473319], ""type"": ""Point""}";106055;Saint-Jacques;;;71041;Saint-Jacques;45315;Saint-Jacques;A01539;C01376;METRO 6;METRO;0;0;1;0;0;0;0;0;0;0;RATP;1;0;651341.5782;6859409.3228
48.85043454986139, 2.2936124344381383;"{""coordinates"": [2.293612434438138, 48.85043454986139], ""type"": ""Point""}";106073;Dupleix;;;71197;Dupleix;42871;Dupleix;A01539;C01376;METRO 6;METRO;0;0;1;0;0;0;0;0;0;0;RATP;1;0;648164.259;6861386.5827
48.81052080334999, 2.3842896009608205;"{""coordinates"": [2.384289600960821, 48.81052080334999], ""type"": ""Point""}";107091;Mairie d'Ivry;;;70488;Mairie d'Ivry;44051;Mairie d'Ivry;A01540;C01377;METRO 7;METRO;0;0;1;0;0;0;0;1;0;0;RATP;1;0;654783.53;6856892.9064
48.79648308361576, 2.368269540049694;"{""coordinates"": [2.368269540049694, 48.79648308361576], ""type"": ""Point""}";107099;Villejuif Paul Vaillant-Couturier;;;70248;Paul Vaillant Couturier;58471;Paul Vaillant Couturier;A01540;C01377;METRO 7;METRO;0;0;1;0;0;0;0;0;0;0;RATP;1;0;653594.5881;6855341.3988
48.837117006060936, 2.4023331659174434;"{""coordinates"": [2.402333165917443, 48.837117006060936], ""type"": ""Point""}";108071;Michel Bizot;;;71595;Michel Bizot;44140;Michel Bizot;A01541;C01378;METRO 8;METRO;0;0;1;0;0;0;0;0;0;0;RATP;1;0;656130.969;6859839.9191
48.78992046595464, 2.4505115282905896;"{""coordinates"": [2.45051152829059, 48.78992046595464], ""type"": ""Point""}";108089;Créteil-Université;;;70172;Créteil Université;42779;Créteil Université;A01541;C01378;METRO 8;METRO;0;0;1;0;0;0;0;0;0;0;RATP;1;0;659630.7057;6854566.5406
48.837961212602465, 2.2571222298454368;"{""coordinates"": [2.257122229845437, 48.837961212602465], ""type"": ""Point""}";109027;Porte de Saint-Cloud;Parc des Princes;;71084;Porte de Saint-Cloud;44524;Porte de Saint-Cloud;A01542;C01379;METRO 9;METRO;0;0;1;0;0;0;0;0;0;0;RATP;1;0;645473.5838;6860024.2597
48.923103778731836, 2.2862795775297817;"{""coordinates"": [2.286279577529782, 48.923103778731836], ""type"": ""Point""}";113077;Les Agnettes;;;72240;Les Agnettes;43693;Les Agnettes;A01546;C01383;METRO 13;METRO;0;0;1;0;0;0;0;0;0;0;RATP;1;0;647699.216;6869471.7685
48.818676408977936, 2.3197403132985555;"{""coordinates"": [2.319740313298555, 48.818676408977936], ""type"": ""Point""}";104080;Mairie de Montrouge;;;70586;Mairie de Montrouge;45904;Mairie de Montrouge;A01537;C01374;METRO 4;METRO;0;0;1;0;0;0;0;1;0;0;RATP;1;1;650051.0907;6857838.6019
48.90656714504601, 2.365920319400959;"{""coordinates"": [2.365920319400959, 48.90656714504601], ""type"": ""Point""}";117040;Front Populaire;;Aubervilliers;74041;Front Populaire;58497;Front Populaire;A01545;C01382;METRO 12;METRO;0;0;1;0;0;0;0;0;0;0;RATP;1;1;653520.3175;6867583.1321
48.86116886455333, 2.3672108664117073;"{""coordinates"": [2.367210866411707, 48.86116886455333], ""type"": ""Point""}";108055;Saint-Sébastien-Froissart;;;71777;Saint-Sébastien Froissart;45208;Saint-Sébastien Froissart;A01541;C01378;METRO 8;METRO;0;0;1;0;0;0;0;0;0;0;RATP;1;0;653574.4612;6862534.3482
48.8464230763525, 2.418759786698671;"{""coordinates"": [2.418759786698671, 48.8464230763525], ""type"": ""Point""}";101037;Saint-Mandé;;;71647;Saint-Mandé;47247;Saint-Mandé;A01534;C01371;METRO 1;METRO;0;0;1;0;0;0;0;0;0;0;RATP;1;0;657344.2856;6860865.6652
48.85107136943748, 2.330700709954214;"{""coordinates"": [2.330700709954214, 48.85107136943748], ""type"": ""Point""}";104063;Saint-Sulpice;;;71202;Saint-Sulpice;45120;Saint-Sulpice;A01537;C01374;METRO 4;METRO;0;0;1;0;0;0;0;0;0;0;RATP;1;0;650886.3835;6861433.6831
48.89122859318202, 2.4023521466177016;"{""coordinates"": [2.402352146617702, 48.89122859318202], ""type"": ""Point""}";105045;Hoche;;;72004;Hoche;43364;Hoche;A01538;C01375;METRO 5;METRO;0;0;1;0;0;0;0;0;0;0;RATP;1;0;656177.9028;6865856.7162
48.858553826324005, 2.3422327579938407;"{""coordinates"": [2.342232757993841, 48.858553826324005], ""type"": ""Point""}";107061;Pont Neuf;La Monnaie;;71253;Pont Neuf;44491;Pont Neuf;A01540;C01377;METRO 7;METRO;0;0;1;0;0;0;0;0;0;0;RATP;1;0;651739.5236;6862258.5538
48.82642600994104, 2.3572456507586854;"{""coordinates"": [2.357245650758685, 48.82642600994104], ""type"": ""Point""}";107079;Tolbiac;;;71001;Tolbiac;43411;Tolbiac;A01540;C01377;METRO 7;METRO;0;0;1;0;0;0;0;0;0;0;RATP;1;0;652811.918;6858677.1935
48.844065596373376, 2.3904821339803877;"{""coordinates"": [2.390482133980388, 48.844065596373376], ""type"": ""Point""}";108067;Montgallet;;;71631;Montgallet;44160;Montgallet;A01541;C01378;METRO 8;METRO;0;0;1;0;0;0;0;0;0;0;RATP;1;0;655267.0787;6860619.1829
48.864343777799434, 2.3301298771128605;"{""coordinates"": [2.33012987711286, 48.864343777799434], ""type"": ""Point""}";101059;Tuileries;;;71284;Tuileries;45664;Tuileries;A01534;C01371;METRO 1;METRO;0;0;1;0;0;0;0;0;0;0;RATP;1;0;650857.0163;6862909.8123
48.86779973352096, 2.3138819376821593;"{""coordinates"": [2.313881937682159, 48.86779973352096], ""type"": ""Point""}";101063;Champs-Élysées – Clemenceau;Grand Palais;;71305;Champs-Élysées Clemenceau;42531;Champs-Élysées Clemenceau;A01534 / A01546;C01371 / C01383;METRO 1 / METRO 13;METRO;0;0;1;0;0;0;0;0;0;0;RATP;1;0;649668.4044;6863304.3208
48.89715409503059, 2.2804138122108455;"{""coordinates"": [2.280413812210845, 48.89715409503059], ""type"": ""Point""}";103081;Pont de Levallois;Bécon;;72057;Pont de Levallois;473676;Pont de Levallois - Bécon;A01536;C01373;METRO 3;METRO;0;0;1;0;0;0;0;1;0;0;RATP;1;0;647243.0936;6866590.1736
48.91494975634199, 2.4044090887818634;"{""coordinates"": [2.404409088781863, 48.91494975634199], ""type"": ""Point""}";107027;Fort d'Aubervilliers;;;73695;Fort d'Aubervilliers;47891;Fort d'Aubervilliers;A01540;C01377;METRO 7;METRO;0;0;1;0;0;0;0;0;0;0;RATP;1;0;656348.6196;6868493.288
48.803355235210496, 2.44557409967822;"{""coordinates"": [2.44557409967822, 48.803355235210496], ""type"": ""Point""}";108085;Maisons-Alfort-Les Juilliottes;;;70358;Maisons-Alfort Les Juilliottes;44067;Maisons-Alfort Les Juilliottes;A01541;C01378;METRO 8;METRO;0;0;1;0;0;0;0;0;0;0;RATP;1;0;659278.4618;6856062.8389
48.85190531802241, 2.3979973148307456;"{""coordinates"": [2.397997314830746, 48.85190531802241], ""type"": ""Point""}";102035;Avron;;;71697;Buzenval / Avron;42271;Avron;A01535;C01372;METRO 2;METRO;0;0;1;0;0;0;0;0;0;0;RATP;1;0;655825.258;6861486.6576
48.88032518553965, 2.3087738359558063;"{""coordinates"": [2.308773835955806, 48.88032518553965], ""type"": ""Point""}";102074;Monceau;;;73671;Monceau;44146;Monceau;A01535;C01372;METRO 2;METRO;0;0;1;0;0;0;0;0;0;0;RATP;1;0;649305.8908;6864700.3253
48.87262083899373, 2.3561539474503386;"{""coordinates"": [2.356153947450339, 48.87262083899373], ""type"": ""Point""}";104043;Château d'Eau;;;71333;Château d'Eau / Mairie du 10e;42579;Château d'Eau;A01537;C01374;METRO 4;METRO;0;0;1;0;0;0;0;0;0;0;RATP;1;0;652773.6544;6863814.2778
48.85343696136713, 2.3687365726261684;"{""coordinates"": [2.368736572626168, 48.85343696136713], ""type"": ""Point""}";105071;Bastille;;;463564;Bastille;42288;Bastille;A01534 / A01538 / A01541;C01371 / C01375 / C01378;METRO 1 / METRO 5 / METRO 8;METRO;0;0;1;0;0;0;0;0;0;0;RATP;1;0;653679.5214;6861673.7301
48.87447567571325, 2.322001788877925;"{""coordinates"": [2.322001788877925, 48.87447567571325], ""type"": ""Point""}";109055;Saint-Augustin;;;73690;Saint-Augustin;44857;Saint-Augustin;A01542;C01379;METRO 9;METRO;0;0;1;0;0;0;0;0;0;0;RATP;1;0;650270.4119;6864041.4896
48.85197520839108, 2.401927284511546;"{""coordinates"": [2.401927284511546, 48.85197520839108], ""type"": ""Point""}";109083;Buzenval;;;479928;Buzenval / Avron;42410;Buzenval;A01542;C01379;METRO 9;METRO;0;0;1;0;0;0;0;0;0;0;RATP;1;0;656113.6911;6861492.2374
48.871256545007405, 2.344561060662729;"{""coordinates"": [2.344561060662729, 48.871256545007405], ""type"": ""Point""}";108045;Grands Boulevards;Rue Montmartre;;71326;Grands Boulevards;43310;Grands Boulevards;A01541 / A01542;C01378 / C01379;METRO 8 / METRO 9;METRO;0;0;1;0;0;0;0;0;0;0;RATP;1;0;651922.072;6863669.5742
48.7966821340621, 2.449412805145807;"{""coordinates"": [2.449412805145807, 48.7966821340621], ""type"": ""Point""}";108087;Créteil–L’Échat;Hôpital Henri Mondor;;70269;Créteil L'Échat;45712;Créteil L'Échat;A01541;C01378;METRO 8;METRO;0;0;1;0;0;0;0;0;0;0;RATP;1;0;659555.2293;6855318.906
48.76881073327119, 2.4642800705433565;"{""coordinates"": [2.464280070543357, 48.76881073327119], ""type"": ""Point""}";108092;Créteil - Pointe du Lac;;;69884;Pointe du Lac;44453;Pointe du Lac;A01541;C01378;METRO 8;METRO;0;0;1;0;0;0;0;1;0;0;RATP;1;0;660626.3001;6852212.5077
48.88439967613092, 2.360399500808731;"{""coordinates"": [2.360399500808731, 48.88439967613092], ""type"": ""Point""}";102055;La Chapelle;;;71434;La Chapelle;43524;La Chapelle;A01535;C01372;METRO 2;METRO;0;0;1;0;0;0;0;0;0;0;RATP;1;0;653095.6696;6865121.4779
48.88273813184986, 2.3701223122811044;"{""coordinates"": [2.370122312281104, 48.88273813184986], ""type"": ""Point""}";117039;Jaurès;;;71940;Jaurès;43425;Jaurès;A01535 / A01538 / A01550;C01372 / C01375 / C01387;METRO 2 / METRO 5 / METRO 7bis;METRO;0;0;1;0;0;0;0;0;0;0;RATP;1;0;653807.1912;6864930.9923
48.842412769424165, 2.2596084727525714;"{""coordinates"": [2.259608472752571, 48.842412769424165], ""type"": ""Point""}";109029;Exelmans;;;71124;Exelmans;42977;Exelmans;A01542;C01379;METRO 9;METRO;0;0;1;0;0;0;0;0;0;0;RATP;1;0;645660.7071;6860517.5076
